train_acc,train_loss,val_acc,val_loss
0.74661,0.81742674,0.8544303797468354,0.42279825
